election_key,election_date,election_type,contest,contest_slug,contest_order,candidate,candidate_party,candidate_order,precinct,ward,votes
malden_municipal_election_2025_11_04,2025-11-04,municipal,COUNCILLOR AT LARGE,councillor_at_large,1,KAREN COLON HAYES,,1,1-1,1,97
malden_municipal_election_2025_11_04,2025-11-04,municipal,COUNCILLOR AT LARGE,councillor_at_large,1,KAREN COLON HAYES,,1,1-2,1,111
malden_municipal_election_2025_11_04,2025-11-04,municipal,COUNCILLOR AT LARGE,councillor_at_large,1,KAREN COLON HAYES,,1,1-3,1,148
malden_municipal_election_2025_11_04,2025-11-04,municipal,COUNCILLOR AT LARGE,councillor_at_large,1,KAREN COLON HAYES,,1,2-1,2,111
malden_municipal_election_2025_11_04,2025-11-04,municipal,COUNCILLOR AT LARGE,councillor_at_large,1,KAREN COLON HAYES,,1,2-2,2,88
malden_municipal_election_2025_11_04,2025-11-04,municipal,COUNCILLOR AT LARGE,councillor_at_large,1,KAREN COLON HAYES,,1,2-3,2,125
malden_municipal_election_2025_11_04,2025-11-04,municipal,COUNCILLOR AT LARGE,councillor_at_large,1,KAREN COLON HAYES,,1,3-1,3,126
malden_municipal_election_2025_11_04,2025-11-04,municipal,COUNCILLOR AT LARGE,councillor_at_large,1,KAREN COLON HAYES,,1,3-1A,3,140
malden_municipal_election_2025_11_04,2025-11-04,municipal,COUNCILLOR AT LARGE,councillor_at_large,1,KAREN COLON HAYES,,1,3-2,3,125
malden_municipal_election_2025_11_04,2025-11-04,municipal,COUNCILLOR AT LARGE,councillor_at_large,1,KAREN COLON HAYES,,1,3-3,3,271
malden_municipal_election_2025_11_04,2025-11-04,municipal,COUNCILLOR AT LARGE,councillor_at_large,1,KAREN COLON HAYES,,1,4-1,4,112
malden_municipal_election_2025_11_04,2025-11-04,municipal,COUNCILLOR AT LARGE,councillor_at_large,1,KAREN COLON HAYES,,1,4-2,4,104
malden_municipal_election_2025_11_04,2025-11-04,municipal,COUNCILLOR AT LARGE,councillor_at_large,1,KAREN COLON HAYES,,1,4-3,4,153
malden_municipal_election_2025_11_04,2025-11-04,municipal,COUNCILLOR AT LARGE,councillor_at_large,1,KAREN COLON HAYES,,1,5-1,5,121
malden_municipal_election_2025_11_04,2025-11-04,municipal,COUNCILLOR AT LARGE,councillor_at_large,1,KAREN COLON HAYES,,1,5-2,5,228
malden_municipal_election_2025_11_04,2025-11-04,municipal,COUNCILLOR AT LARGE,councillor_at_large,1,KAREN COLON HAYES,,1,5-3,5,60
malden_municipal_election_2025_11_04,2025-11-04,municipal,COUNCILLOR AT LARGE,councillor_at_large,1,KAREN COLON HAYES,,1,5-3A,5,90
malden_municipal_election_2025_11_04,2025-11-04,municipal,COUNCILLOR AT LARGE,councillor_at_large,1,KAREN COLON HAYES,,1,6-1,6,253
malden_municipal_election_2025_11_04,2025-11-04,municipal,COUNCILLOR AT LARGE,councillor_at_large,1,KAREN COLON HAYES,,1,6-2,6,111
malden_municipal_election_2025_11_04,2025-11-04,municipal,COUNCILLOR AT LARGE,councillor_at_large,1,KAREN COLON HAYES,,1,6-3,6,126
malden_municipal_election_2025_11_04,2025-11-04,municipal,COUNCILLOR AT LARGE,councillor_at_large,1,KAREN COLON HAYES,,1,7-1,7,86
malden_municipal_election_2025_11_04,2025-11-04,municipal,COUNCILLOR AT LARGE,councillor_at_large,1,KAREN COLON HAYES,,1,7-2,7,89
malden_municipal_election_2025_11_04,2025-11-04,municipal,COUNCILLOR AT LARGE,councillor_at_large,1,KAREN COLON HAYES,,1,7-3,7,74
malden_municipal_election_2025_11_04,2025-11-04,municipal,COUNCILLOR AT LARGE,councillor_at_large,1,KAREN COLON HAYES,,1,7-3A,7,55
malden_municipal_election_2025_11_04,2025-11-04,municipal,COUNCILLOR AT LARGE,councillor_at_large,1,KAREN COLON HAYES,,1,8-1,8,117
malden_municipal_election_2025_11_04,2025-11-04,municipal,COUNCILLOR AT LARGE,councillor_at_large,1,KAREN COLON HAYES,,1,8-2,8,62
malden_municipal_election_2025_11_04,2025-11-04,municipal,COUNCILLOR AT LARGE,councillor_at_large,1,KAREN COLON HAYES,,1,8-3,8,56
malden_municipal_election_2025_11_04,2025-11-04,municipal,COUNCILLOR AT LARGE,councillor_at_large,1,CAREY MCDONALD,,2,1-1,1,83
malden_municipal_election_2025_11_04,2025-11-04,municipal,COUNCILLOR AT LARGE,councillor_at_large,1,CAREY MCDONALD,,2,1-2,1,110
malden_municipal_election_2025_11_04,2025-11-04,municipal,COUNCILLOR AT LARGE,councillor_at_large,1,CAREY MCDONALD,,2,1-3,1,132
malden_municipal_election_2025_11_04,2025-11-04,municipal,COUNCILLOR AT LARGE,councillor_at_large,1,CAREY MCDONALD,,2,2-1,2,101
malden_municipal_election_2025_11_04,2025-11-04,municipal,COUNCILLOR AT LARGE,councillor_at_large,1,CAREY MCDONALD,,2,2-2,2,81
malden_municipal_election_2025_11_04,2025-11-04,municipal,COUNCILLOR AT LARGE,councillor_at_large,1,CAREY MCDONALD,,2,2-3,2,110
malden_municipal_election_2025_11_04,2025-11-04,municipal,COUNCILLOR AT LARGE,councillor_at_large,1,CAREY MCDONALD,,2,3-1,3,99
malden_municipal_election_2025_11_04,2025-11-04,municipal,COUNCILLOR AT LARGE,councillor_at_large,1,CAREY MCDONALD,,2,3-1A,3,152
malden_municipal_election_2025_11_04,2025-11-04,municipal,COUNCILLOR AT LARGE,councillor_at_large,1,CAREY MCDONALD,,2,3-2,3,116
malden_municipal_election_2025_11_04,2025-11-04,municipal,COUNCILLOR AT LARGE,councillor_at_large,1,CAREY MCDONALD,,2,3-3,3,236
malden_municipal_election_2025_11_04,2025-11-04,municipal,COUNCILLOR AT LARGE,councillor_at_large,1,CAREY MCDONALD,,2,4-1,4,98
malden_municipal_election_2025_11_04,2025-11-04,municipal,COUNCILLOR AT LARGE,councillor_at_large,1,CAREY MCDONALD,,2,4-2,4,77
malden_municipal_election_2025_11_04,2025-11-04,municipal,COUNCILLOR AT LARGE,councillor_at_large,1,CAREY MCDONALD,,2,4-3,4,142
malden_municipal_election_2025_11_04,2025-11-04,municipal,COUNCILLOR AT LARGE,councillor_at_large,1,CAREY MCDONALD,,2,5-1,5,138
malden_municipal_election_2025_11_04,2025-11-04,municipal,COUNCILLOR AT LARGE,councillor_at_large,1,CAREY MCDONALD,,2,5-2,5,271
malden_municipal_election_2025_11_04,2025-11-04,municipal,COUNCILLOR AT LARGE,councillor_at_large,1,CAREY MCDONALD,,2,5-3,5,76
malden_municipal_election_2025_11_04,2025-11-04,municipal,COUNCILLOR AT LARGE,councillor_at_large,1,CAREY MCDONALD,,2,5-3A,5,107
malden_municipal_election_2025_11_04,2025-11-04,municipal,COUNCILLOR AT LARGE,councillor_at_large,1,CAREY MCDONALD,,2,6-1,6,251
malden_municipal_election_2025_11_04,2025-11-04,municipal,COUNCILLOR AT LARGE,councillor_at_large,1,CAREY MCDONALD,,2,6-2,6,95
malden_municipal_election_2025_11_04,2025-11-04,municipal,COUNCILLOR AT LARGE,councillor_at_large,1,CAREY MCDONALD,,2,6-3,6,112
malden_municipal_election_2025_11_04,2025-11-04,municipal,COUNCILLOR AT LARGE,councillor_at_large,1,CAREY MCDONALD,,2,7-1,7,67
malden_municipal_election_2025_11_04,2025-11-04,municipal,COUNCILLOR AT LARGE,councillor_at_large,1,CAREY MCDONALD,,2,7-2,7,94
malden_municipal_election_2025_11_04,2025-11-04,municipal,COUNCILLOR AT LARGE,councillor_at_large,1,CAREY MCDONALD,,2,7-3,7,55
malden_municipal_election_2025_11_04,2025-11-04,municipal,COUNCILLOR AT LARGE,councillor_at_large,1,CAREY MCDONALD,,2,7-3A,7,51
malden_municipal_election_2025_11_04,2025-11-04,municipal,COUNCILLOR AT LARGE,councillor_at_large,1,CAREY MCDONALD,,2,8-1,8,93
malden_municipal_election_2025_11_04,2025-11-04,municipal,COUNCILLOR AT LARGE,councillor_at_large,1,CAREY MCDONALD,,2,8-2,8,57
malden_municipal_election_2025_11_04,2025-11-04,municipal,COUNCILLOR AT LARGE,councillor_at_large,1,CAREY MCDONALD,,2,8-3,8,52
malden_municipal_election_2025_11_04,2025-11-04,municipal,COUNCILLOR AT LARGE,councillor_at_large,1,CRAIG SPADAFORA,,3,1-1,1,50
malden_municipal_election_2025_11_04,2025-11-04,municipal,COUNCILLOR AT LARGE,councillor_at_large,1,CRAIG SPADAFORA,,3,1-2,1,92
malden_municipal_election_2025_11_04,2025-11-04,municipal,COUNCILLOR AT LARGE,councillor_at_large,1,CRAIG SPADAFORA,,3,1-3,1,105
malden_municipal_election_2025_11_04,2025-11-04,municipal,COUNCILLOR AT LARGE,councillor_at_large,1,CRAIG SPADAFORA,,3,2-1,2,78
malden_municipal_election_2025_11_04,2025-11-04,municipal,COUNCILLOR AT LARGE,councillor_at_large,1,CRAIG SPADAFORA,,3,2-2,2,109
malden_municipal_election_2025_11_04,2025-11-04,municipal,COUNCILLOR AT LARGE,councillor_at_large,1,CRAIG SPADAFORA,,3,2-3,2,118
malden_municipal_election_2025_11_04,2025-11-04,municipal,COUNCILLOR AT LARGE,councillor_at_large,1,CRAIG SPADAFORA,,3,3-1,3,63
malden_municipal_election_2025_11_04,2025-11-04,municipal,COUNCILLOR AT LARGE,councillor_at_large,1,CRAIG SPADAFORA,,3,3-1A,3,108
malden_municipal_election_2025_11_04,2025-11-04,municipal,COUNCILLOR AT LARGE,councillor_at_large,1,CRAIG SPADAFORA,,3,3-2,3,94
malden_municipal_election_2025_11_04,2025-11-04,municipal,COUNCILLOR AT LARGE,councillor_at_large,1,CRAIG SPADAFORA,,3,3-3,3,122
malden_municipal_election_2025_11_04,2025-11-04,municipal,COUNCILLOR AT LARGE,councillor_at_large,1,CRAIG SPADAFORA,,3,4-1,4,65
malden_municipal_election_2025_11_04,2025-11-04,municipal,COUNCILLOR AT LARGE,councillor_at_large,1,CRAIG SPADAFORA,,3,4-2,4,44
malden_municipal_election_2025_11_04,2025-11-04,municipal,COUNCILLOR AT LARGE,councillor_at_large,1,CRAIG SPADAFORA,,3,4-3,4,59
malden_municipal_election_2025_11_04,2025-11-04,municipal,COUNCILLOR AT LARGE,councillor_at_large,1,CRAIG SPADAFORA,,3,5-1,5,65
malden_municipal_election_2025_11_04,2025-11-04,municipal,COUNCILLOR AT LARGE,councillor_at_large,1,CRAIG SPADAFORA,,3,5-2,5,176
malden_municipal_election_2025_11_04,2025-11-04,municipal,COUNCILLOR AT LARGE,councillor_at_large,1,CRAIG SPADAFORA,,3,5-3,5,42
malden_municipal_election_2025_11_04,2025-11-04,municipal,COUNCILLOR AT LARGE,councillor_at_large,1,CRAIG SPADAFORA,,3,5-3A,5,61
malden_municipal_election_2025_11_04,2025-11-04,municipal,COUNCILLOR AT LARGE,councillor_at_large,1,CRAIG SPADAFORA,,3,6-1,6,173
malden_municipal_election_2025_11_04,2025-11-04,municipal,COUNCILLOR AT LARGE,councillor_at_large,1,CRAIG SPADAFORA,,3,6-2,6,87
malden_municipal_election_2025_11_04,2025-11-04,municipal,COUNCILLOR AT LARGE,councillor_at_large,1,CRAIG SPADAFORA,,3,6-3,6,116
malden_municipal_election_2025_11_04,2025-11-04,municipal,COUNCILLOR AT LARGE,councillor_at_large,1,CRAIG SPADAFORA,,3,7-1,7,46
malden_municipal_election_2025_11_04,2025-11-04,municipal,COUNCILLOR AT LARGE,councillor_at_large,1,CRAIG SPADAFORA,,3,7-2,7,77
malden_municipal_election_2025_11_04,2025-11-04,municipal,COUNCILLOR AT LARGE,councillor_at_large,1,CRAIG SPADAFORA,,3,7-3,7,57
malden_municipal_election_2025_11_04,2025-11-04,municipal,COUNCILLOR AT LARGE,councillor_at_large,1,CRAIG SPADAFORA,,3,7-3A,7,40
malden_municipal_election_2025_11_04,2025-11-04,municipal,COUNCILLOR AT LARGE,councillor_at_large,1,CRAIG SPADAFORA,,3,8-1,8,138
malden_municipal_election_2025_11_04,2025-11-04,municipal,COUNCILLOR AT LARGE,councillor_at_large,1,CRAIG SPADAFORA,,3,8-2,8,42
malden_municipal_election_2025_11_04,2025-11-04,municipal,COUNCILLOR AT LARGE,councillor_at_large,1,CRAIG SPADAFORA,,3,8-3,8,46
malden_municipal_election_2025_11_04,2025-11-04,municipal,COUNCILLOR AT LARGE,councillor_at_large,1,MOHAMMAD ABU-TAHA,,4,1-1,1,34
malden_municipal_election_2025_11_04,2025-11-04,municipal,COUNCILLOR AT LARGE,councillor_at_large,1,MOHAMMAD ABU-TAHA,,4,1-2,1,33
malden_municipal_election_2025_11_04,2025-11-04,municipal,COUNCILLOR AT LARGE,councillor_at_large,1,MOHAMMAD ABU-TAHA,,4,1-3,1,38
malden_municipal_election_2025_11_04,2025-11-04,municipal,COUNCILLOR AT LARGE,councillor_at_large,1,MOHAMMAD ABU-TAHA,,4,2-1,2,28
malden_municipal_election_2025_11_04,2025-11-04,municipal,COUNCILLOR AT LARGE,councillor_at_large,1,MOHAMMAD ABU-TAHA,,4,2-2,2,39
malden_municipal_election_2025_11_04,2025-11-04,municipal,COUNCILLOR AT LARGE,councillor_at_large,1,MOHAMMAD ABU-TAHA,,4,2-3,2,29
malden_municipal_election_2025_11_04,2025-11-04,municipal,COUNCILLOR AT LARGE,councillor_at_large,1,MOHAMMAD ABU-TAHA,,4,3-1,3,38
malden_municipal_election_2025_11_04,2025-11-04,municipal,COUNCILLOR AT LARGE,councillor_at_large,1,MOHAMMAD ABU-TAHA,,4,3-1A,3,20
malden_municipal_election_2025_11_04,2025-11-04,municipal,COUNCILLOR AT LARGE,councillor_at_large,1,MOHAMMAD ABU-TAHA,,4,3-2,3,40
malden_municipal_election_2025_11_04,2025-11-04,municipal,COUNCILLOR AT LARGE,councillor_at_large,1,MOHAMMAD ABU-TAHA,,4,3-3,3,86
malden_municipal_election_2025_11_04,2025-11-04,municipal,COUNCILLOR AT LARGE,councillor_at_large,1,MOHAMMAD ABU-TAHA,,4,4-1,4,51
malden_municipal_election_2025_11_04,2025-11-04,municipal,COUNCILLOR AT LARGE,councillor_at_large,1,MOHAMMAD ABU-TAHA,,4,4-2,4,49
malden_municipal_election_2025_11_04,2025-11-04,municipal,COUNCILLOR AT LARGE,councillor_at_large,1,MOHAMMAD ABU-TAHA,,4,4-3,4,63
malden_municipal_election_2025_11_04,2025-11-04,municipal,COUNCILLOR AT LARGE,councillor_at_large,1,MOHAMMAD ABU-TAHA,,4,5-1,5,37
malden_municipal_election_2025_11_04,2025-11-04,municipal,COUNCILLOR AT LARGE,councillor_at_large,1,MOHAMMAD ABU-TAHA,,4,5-2,5,51
malden_municipal_election_2025_11_04,2025-11-04,municipal,COUNCILLOR AT LARGE,councillor_at_large,1,MOHAMMAD ABU-TAHA,,4,5-3,5,21
malden_municipal_election_2025_11_04,2025-11-04,municipal,COUNCILLOR AT LARGE,councillor_at_large,1,MOHAMMAD ABU-TAHA,,4,5-3A,5,22
malden_municipal_election_2025_11_04,2025-11-04,municipal,COUNCILLOR AT LARGE,councillor_at_large,1,MOHAMMAD ABU-TAHA,,4,6-1,6,75
malden_municipal_election_2025_11_04,2025-11-04,municipal,COUNCILLOR AT LARGE,councillor_at_large,1,MOHAMMAD ABU-TAHA,,4,6-2,6,41
malden_municipal_election_2025_11_04,2025-11-04,municipal,COUNCILLOR AT LARGE,councillor_at_large,1,MOHAMMAD ABU-TAHA,,4,6-3,6,42
malden_municipal_election_2025_11_04,2025-11-04,municipal,COUNCILLOR AT LARGE,councillor_at_large,1,MOHAMMAD ABU-TAHA,,4,7-1,7,27
malden_municipal_election_2025_11_04,2025-11-04,municipal,COUNCILLOR AT LARGE,councillor_at_large,1,MOHAMMAD ABU-TAHA,,4,7-2,7,26
malden_municipal_election_2025_11_04,2025-11-04,municipal,COUNCILLOR AT LARGE,councillor_at_large,1,MOHAMMAD ABU-TAHA,,4,7-3,7,36
malden_municipal_election_2025_11_04,2025-11-04,municipal,COUNCILLOR AT LARGE,councillor_at_large,1,MOHAMMAD ABU-TAHA,,4,7-3A,7,21
malden_municipal_election_2025_11_04,2025-11-04,municipal,COUNCILLOR AT LARGE,councillor_at_large,1,MOHAMMAD ABU-TAHA,,4,8-1,8,44
malden_municipal_election_2025_11_04,2025-11-04,municipal,COUNCILLOR AT LARGE,councillor_at_large,1,MOHAMMAD ABU-TAHA,,4,8-2,8,23
malden_municipal_election_2025_11_04,2025-11-04,municipal,COUNCILLOR AT LARGE,councillor_at_large,1,MOHAMMAD ABU-TAHA,,4,8-3,8,26
malden_municipal_election_2025_11_04,2025-11-04,municipal,COUNCILLOR AT LARGE,councillor_at_large,1,SOLOMON DAVIDOFF,,5,1-1,1,9
malden_municipal_election_2025_11_04,2025-11-04,municipal,COUNCILLOR AT LARGE,councillor_at_large,1,SOLOMON DAVIDOFF,,5,1-2,1,21
malden_municipal_election_2025_11_04,2025-11-04,municipal,COUNCILLOR AT LARGE,councillor_at_large,1,SOLOMON DAVIDOFF,,5,1-3,1,33
malden_municipal_election_2025_11_04,2025-11-04,municipal,COUNCILLOR AT LARGE,councillor_at_large,1,SOLOMON DAVIDOFF,,5,2-1,2,23
malden_municipal_election_2025_11_04,2025-11-04,municipal,COUNCILLOR AT LARGE,councillor_at_large,1,SOLOMON DAVIDOFF,,5,2-2,2,41
malden_municipal_election_2025_11_04,2025-11-04,municipal,COUNCILLOR AT LARGE,councillor_at_large,1,SOLOMON DAVIDOFF,,5,2-3,2,33
malden_municipal_election_2025_11_04,2025-11-04,municipal,COUNCILLOR AT LARGE,councillor_at_large,1,SOLOMON DAVIDOFF,,5,3-1,3,36
malden_municipal_election_2025_11_04,2025-11-04,municipal,COUNCILLOR AT LARGE,councillor_at_large,1,SOLOMON DAVIDOFF,,5,3-1A,3,40
malden_municipal_election_2025_11_04,2025-11-04,municipal,COUNCILLOR AT LARGE,councillor_at_large,1,SOLOMON DAVIDOFF,,5,3-2,3,71
malden_municipal_election_2025_11_04,2025-11-04,municipal,COUNCILLOR AT LARGE,councillor_at_large,1,SOLOMON DAVIDOFF,,5,3-3,3,66
malden_municipal_election_2025_11_04,2025-11-04,municipal,COUNCILLOR AT LARGE,councillor_at_large,1,SOLOMON DAVIDOFF,,5,4-1,4,31
malden_municipal_election_2025_11_04,2025-11-04,municipal,COUNCILLOR AT LARGE,councillor_at_large,1,SOLOMON DAVIDOFF,,5,4-2,4,12
malden_municipal_election_2025_11_04,2025-11-04,municipal,COUNCILLOR AT LARGE,councillor_at_large,1,SOLOMON DAVIDOFF,,5,4-3,4,25
malden_municipal_election_2025_11_04,2025-11-04,municipal,COUNCILLOR AT LARGE,councillor_at_large,1,SOLOMON DAVIDOFF,,5,5-1,5,30
malden_municipal_election_2025_11_04,2025-11-04,municipal,COUNCILLOR AT LARGE,councillor_at_large,1,SOLOMON DAVIDOFF,,5,5-2,5,48
malden_municipal_election_2025_11_04,2025-11-04,municipal,COUNCILLOR AT LARGE,councillor_at_large,1,SOLOMON DAVIDOFF,,5,5-3,5,18
malden_municipal_election_2025_11_04,2025-11-04,municipal,COUNCILLOR AT LARGE,councillor_at_large,1,SOLOMON DAVIDOFF,,5,5-3A,5,12
malden_municipal_election_2025_11_04,2025-11-04,municipal,COUNCILLOR AT LARGE,councillor_at_large,1,SOLOMON DAVIDOFF,,5,6-1,6,37
malden_municipal_election_2025_11_04,2025-11-04,municipal,COUNCILLOR AT LARGE,councillor_at_large,1,SOLOMON DAVIDOFF,,5,6-2,6,25
malden_municipal_election_2025_11_04,2025-11-04,municipal,COUNCILLOR AT LARGE,councillor_at_large,1,SOLOMON DAVIDOFF,,5,6-3,6,35
malden_municipal_election_2025_11_04,2025-11-04,municipal,COUNCILLOR AT LARGE,councillor_at_large,1,SOLOMON DAVIDOFF,,5,7-1,7,13
malden_municipal_election_2025_11_04,2025-11-04,municipal,COUNCILLOR AT LARGE,councillor_at_large,1,SOLOMON DAVIDOFF,,5,7-2,7,13
malden_municipal_election_2025_11_04,2025-11-04,municipal,COUNCILLOR AT LARGE,councillor_at_large,1,SOLOMON DAVIDOFF,,5,7-3,7,16
malden_municipal_election_2025_11_04,2025-11-04,municipal,COUNCILLOR AT LARGE,councillor_at_large,1,SOLOMON DAVIDOFF,,5,7-3A,7,12
malden_municipal_election_2025_11_04,2025-11-04,municipal,COUNCILLOR AT LARGE,councillor_at_large,1,SOLOMON DAVIDOFF,,5,8-1,8,43
malden_municipal_election_2025_11_04,2025-11-04,municipal,COUNCILLOR AT LARGE,councillor_at_large,1,SOLOMON DAVIDOFF,,5,8-2,8,18
malden_municipal_election_2025_11_04,2025-11-04,municipal,COUNCILLOR AT LARGE,councillor_at_large,1,SOLOMON DAVIDOFF,,5,8-3,8,17
malden_municipal_election_2025_11_04,2025-11-04,municipal,COUNCILLOR AT LARGE,councillor_at_large,1,MICHELLE A. LUONG,,6,1-1,1,65
malden_municipal_election_2025_11_04,2025-11-04,municipal,COUNCILLOR AT LARGE,councillor_at_large,1,MICHELLE A. LUONG,,6,1-2,1,103
malden_municipal_election_2025_11_04,2025-11-04,municipal,COUNCILLOR AT LARGE,councillor_at_large,1,MICHELLE A. LUONG,,6,1-3,1,139
malden_municipal_election_2025_11_04,2025-11-04,municipal,COUNCILLOR AT LARGE,councillor_at_large,1,MICHELLE A. LUONG,,6,2-1,2,85
malden_municipal_election_2025_11_04,2025-11-04,municipal,COUNCILLOR AT LARGE,councillor_at_large,1,MICHELLE A. LUONG,,6,2-2,2,84
malden_municipal_election_2025_11_04,2025-11-04,municipal,COUNCILLOR AT LARGE,councillor_at_large,1,MICHELLE A. LUONG,,6,2-3,2,96
malden_municipal_election_2025_11_04,2025-11-04,municipal,COUNCILLOR AT LARGE,councillor_at_large,1,MICHELLE A. LUONG,,6,3-1,3,88
malden_municipal_election_2025_11_04,2025-11-04,municipal,COUNCILLOR AT LARGE,councillor_at_large,1,MICHELLE A. LUONG,,6,3-1A,3,159
malden_municipal_election_2025_11_04,2025-11-04,municipal,COUNCILLOR AT LARGE,councillor_at_large,1,MICHELLE A. LUONG,,6,3-2,3,106
malden_municipal_election_2025_11_04,2025-11-04,municipal,COUNCILLOR AT LARGE,councillor_at_large,1,MICHELLE A. LUONG,,6,3-3,3,190
malden_municipal_election_2025_11_04,2025-11-04,municipal,COUNCILLOR AT LARGE,councillor_at_large,1,MICHELLE A. LUONG,,6,4-1,4,71
malden_municipal_election_2025_11_04,2025-11-04,municipal,COUNCILLOR AT LARGE,councillor_at_large,1,MICHELLE A. LUONG,,6,4-2,4,61
malden_municipal_election_2025_11_04,2025-11-04,municipal,COUNCILLOR AT LARGE,councillor_at_large,1,MICHELLE A. LUONG,,6,4-3,4,88
malden_municipal_election_2025_11_04,2025-11-04,municipal,COUNCILLOR AT LARGE,councillor_at_large,1,MICHELLE A. LUONG,,6,5-1,5,118
malden_municipal_election_2025_11_04,2025-11-04,municipal,COUNCILLOR AT LARGE,councillor_at_large,1,MICHELLE A. LUONG,,6,5-2,5,308
malden_municipal_election_2025_11_04,2025-11-04,municipal,COUNCILLOR AT LARGE,councillor_at_large,1,MICHELLE A. LUONG,,6,5-3,5,61
malden_municipal_election_2025_11_04,2025-11-04,municipal,COUNCILLOR AT LARGE,councillor_at_large,1,MICHELLE A. LUONG,,6,5-3A,5,87
malden_municipal_election_2025_11_04,2025-11-04,municipal,COUNCILLOR AT LARGE,councillor_at_large,1,MICHELLE A. LUONG,,6,6-1,6,256
malden_municipal_election_2025_11_04,2025-11-04,municipal,COUNCILLOR AT LARGE,councillor_at_large,1,MICHELLE A. LUONG,,6,6-2,6,89
malden_municipal_election_2025_11_04,2025-11-04,municipal,COUNCILLOR AT LARGE,councillor_at_large,1,MICHELLE A. LUONG,,6,6-3,6,97
malden_municipal_election_2025_11_04,2025-11-04,municipal,COUNCILLOR AT LARGE,councillor_at_large,1,MICHELLE A. LUONG,,6,7-1,7,78
malden_municipal_election_2025_11_04,2025-11-04,municipal,COUNCILLOR AT LARGE,councillor_at_large,1,MICHELLE A. LUONG,,6,7-2,7,138
malden_municipal_election_2025_11_04,2025-11-04,municipal,COUNCILLOR AT LARGE,councillor_at_large,1,MICHELLE A. LUONG,,6,7-3,7,91
malden_municipal_election_2025_11_04,2025-11-04,municipal,COUNCILLOR AT LARGE,councillor_at_large,1,MICHELLE A. LUONG,,6,7-3A,7,64
malden_municipal_election_2025_11_04,2025-11-04,municipal,COUNCILLOR AT LARGE,councillor_at_large,1,MICHELLE A. LUONG,,6,8-1,8,134
malden_municipal_election_2025_11_04,2025-11-04,municipal,COUNCILLOR AT LARGE,councillor_at_large,1,MICHELLE A. LUONG,,6,8-2,8,65
malden_municipal_election_2025_11_04,2025-11-04,municipal,COUNCILLOR AT LARGE,councillor_at_large,1,MICHELLE A. LUONG,,6,8-3,8,53
malden_municipal_election_2025_11_04,2025-11-04,municipal,CITY COUNCILLOR WARD 1,city_councillor_ward_1,2,PEG CROWE,,1,1-1,1,66
malden_municipal_election_2025_11_04,2025-11-04,municipal,CITY COUNCILLOR WARD 1,city_councillor_ward_1,2,PEG CROWE,,1,1-2,1,134
malden_municipal_election_2025_11_04,2025-11-04,municipal,CITY COUNCILLOR WARD 1,city_councillor_ward_1,2,PEG CROWE,,1,1-3,1,154
malden_municipal_election_2025_11_04,2025-11-04,municipal,CITY COUNCILLOR WARD 1,city_councillor_ward_1,2,BRYN GARRITY,,2,1-1,1,61
malden_municipal_election_2025_11_04,2025-11-04,municipal,CITY COUNCILLOR WARD 1,city_councillor_ward_1,2,BRYN GARRITY,,2,1-2,1,83
malden_municipal_election_2025_11_04,2025-11-04,municipal,CITY COUNCILLOR WARD 1,city_councillor_ward_1,2,BRYN GARRITY,,2,1-3,1,90
malden_municipal_election_2025_11_04,2025-11-04,municipal,CITY COUNCILLOR WARD 2,city_councillor_ward_2,3,PAUL A. CONDON,,1,2-1,2,136
malden_municipal_election_2025_11_04,2025-11-04,municipal,CITY COUNCILLOR WARD 2,city_councillor_ward_2,3,PAUL A. CONDON,,1,2-2,2,168
malden_municipal_election_2025_11_04,2025-11-04,municipal,CITY COUNCILLOR WARD 2,city_councillor_ward_2,3,PAUL A. CONDON,,1,2-3,2,181
malden_municipal_election_2025_11_04,2025-11-04,municipal,CITY COUNCILLOR WARD 3,city_councillor_ward_3,4,AMANDA LINEHAN,,1,3-1,3,137
malden_municipal_election_2025_11_04,2025-11-04,municipal,CITY COUNCILLOR WARD 3,city_councillor_ward_3,4,AMANDA LINEHAN,,1,3-1A,3,198
malden_municipal_election_2025_11_04,2025-11-04,municipal,CITY COUNCILLOR WARD 3,city_councillor_ward_3,4,AMANDA LINEHAN,,1,3-2,3,169
malden_municipal_election_2025_11_04,2025-11-04,municipal,CITY COUNCILLOR WARD 3,city_councillor_ward_3,4,AMANDA LINEHAN,,1,3-3,3,302
malden_municipal_election_2025_11_04,2025-11-04,municipal,CITY COUNCILLOR WARD 4,city_councillor_ward_4,5,RYAN J. O'MALLEY,,1,4-1,4,129
malden_municipal_election_2025_11_04,2025-11-04,municipal,CITY COUNCILLOR WARD 4,city_councillor_ward_4,5,RYAN J. O'MALLEY,,1,4-2,4,120
malden_municipal_election_2025_11_04,2025-11-04,municipal,CITY COUNCILLOR WARD 4,city_councillor_ward_4,5,RYAN J. O'MALLEY,,1,4-3,4,167
malden_municipal_election_2025_11_04,2025-11-04,municipal,CITY COUNCILLOR WARD 5,city_councillor_ward_5,6,ARI TAYLOR,,1,5-1,5,164
malden_municipal_election_2025_11_04,2025-11-04,municipal,CITY COUNCILLOR WARD 5,city_councillor_ward_5,6,ARI TAYLOR,,1,5-2,5,372
malden_municipal_election_2025_11_04,2025-11-04,municipal,CITY COUNCILLOR WARD 5,city_councillor_ward_5,6,ARI TAYLOR,,1,5-3,5,94
malden_municipal_election_2025_11_04,2025-11-04,municipal,CITY COUNCILLOR WARD 5,city_councillor_ward_5,6,ARI TAYLOR,,1,5-3A,5,123
malden_municipal_election_2025_11_04,2025-11-04,municipal,CITY COUNCILLOR WARD 6,city_councillor_ward_6,7,STEPHEN PATRICK WINSLOW,,1,6-1,6,309
malden_municipal_election_2025_11_04,2025-11-04,municipal,CITY COUNCILLOR WARD 6,city_councillor_ward_6,7,STEPHEN PATRICK WINSLOW,,1,6-2,6,117
malden_municipal_election_2025_11_04,2025-11-04,municipal,CITY COUNCILLOR WARD 6,city_councillor_ward_6,7,STEPHEN PATRICK WINSLOW,,1,6-3,6,141
malden_municipal_election_2025_11_04,2025-11-04,municipal,CITY COUNCILLOR WARD 6,city_councillor_ward_6,7,JERRY LEONE,,2,6-1,6,140
malden_municipal_election_2025_11_04,2025-11-04,municipal,CITY COUNCILLOR WARD 6,city_councillor_ward_6,7,JERRY LEONE,,2,6-2,6,92
malden_municipal_election_2025_11_04,2025-11-04,municipal,CITY COUNCILLOR WARD 6,city_councillor_ward_6,7,JERRY LEONE,,2,6-3,6,83
malden_municipal_election_2025_11_04,2025-11-04,municipal,CITY COUNCILLOR WARD 7,city_councillor_ward_7,8,CHRIS SIMONELLI,,1,7-1,7,97
malden_municipal_election_2025_11_04,2025-11-04,municipal,CITY COUNCILLOR WARD 7,city_councillor_ward_7,8,CHRIS SIMONELLI,,1,7-2,7,153
malden_municipal_election_2025_11_04,2025-11-04,municipal,CITY COUNCILLOR WARD 7,city_councillor_ward_7,8,CHRIS SIMONELLI,,1,7-3,7,108
malden_municipal_election_2025_11_04,2025-11-04,municipal,CITY COUNCILLOR WARD 7,city_councillor_ward_7,8,CHRIS SIMONELLI,,1,7-3A,7,72
malden_municipal_election_2025_11_04,2025-11-04,municipal,CITY COUNCILLOR WARD 8,city_councillor_ward_8,9,JADEANE M. SICA,,1,8-1,8,185
malden_municipal_election_2025_11_04,2025-11-04,municipal,CITY COUNCILLOR WARD 8,city_councillor_ward_8,9,JADEANE M. SICA,,1,8-2,8,80
malden_municipal_election_2025_11_04,2025-11-04,municipal,CITY COUNCILLOR WARD 8,city_councillor_ward_8,9,JADEANE M. SICA,,1,8-3,8,74
malden_municipal_election_2025_11_04,2025-11-04,municipal,SCHOOL COMMITTEE WARD 1,school_committee_ward_1,10,MICHAEL EDWARD DRUMMEY,,1,1-1,1,60
malden_municipal_election_2025_11_04,2025-11-04,municipal,SCHOOL COMMITTEE WARD 1,school_committee_ward_1,10,MICHAEL EDWARD DRUMMEY,,1,1-2,1,103
malden_municipal_election_2025_11_04,2025-11-04,municipal,SCHOOL COMMITTEE WARD 1,school_committee_ward_1,10,MICHAEL EDWARD DRUMMEY,,1,1-3,1,111
malden_municipal_election_2025_11_04,2025-11-04,municipal,SCHOOL COMMITTEE WARD 1,school_committee_ward_1,10,KIMBERLY MARIE GILLETTE,,2,1-1,1,53
malden_municipal_election_2025_11_04,2025-11-04,municipal,SCHOOL COMMITTEE WARD 1,school_committee_ward_1,10,KIMBERLY MARIE GILLETTE,,2,1-2,1,92
malden_municipal_election_2025_11_04,2025-11-04,municipal,SCHOOL COMMITTEE WARD 1,school_committee_ward_1,10,KIMBERLY MARIE GILLETTE,,2,1-3,1,116
malden_municipal_election_2025_11_04,2025-11-04,municipal,SCHOOL COMMITTEE WARD 2,school_committee_ward_2,11,"ROBERT S. MCCARTHY, JR.",,1,2-1,2,141
malden_municipal_election_2025_11_04,2025-11-04,municipal,SCHOOL COMMITTEE WARD 2,school_committee_ward_2,11,"ROBERT S. MCCARTHY, JR.",,1,2-2,2,165
malden_municipal_election_2025_11_04,2025-11-04,municipal,SCHOOL COMMITTEE WARD 2,school_committee_ward_2,11,"ROBERT S. MCCARTHY, JR.",,1,2-3,2,172
malden_municipal_election_2025_11_04,2025-11-04,municipal,SCHOOL COMMITTEE WARD 3,school_committee_ward_3,12,JENNIFER MARIE SPADAFORA,,1,3-1,3,118
malden_municipal_election_2025_11_04,2025-11-04,municipal,SCHOOL COMMITTEE WARD 3,school_committee_ward_3,12,JENNIFER MARIE SPADAFORA,,1,3-1A,3,161
malden_municipal_election_2025_11_04,2025-11-04,municipal,SCHOOL COMMITTEE WARD 3,school_committee_ward_3,12,JENNIFER MARIE SPADAFORA,,1,3-2,3,158
malden_municipal_election_2025_11_04,2025-11-04,municipal,SCHOOL COMMITTEE WARD 3,school_committee_ward_3,12,JENNIFER MARIE SPADAFORA,,1,3-3,3,236
malden_municipal_election_2025_11_04,2025-11-04,municipal,SCHOOL COMMITTEE WARD 4,school_committee_ward_4,13,DAWN MACKLIN,,1,4-1,4,99
malden_municipal_election_2025_11_04,2025-11-04,municipal,SCHOOL COMMITTEE WARD 4,school_committee_ward_4,13,DAWN MACKLIN,,1,4-2,4,72
malden_municipal_election_2025_11_04,2025-11-04,municipal,SCHOOL COMMITTEE WARD 4,school_committee_ward_4,13,DAWN MACKLIN,,1,4-3,4,117
malden_municipal_election_2025_11_04,2025-11-04,municipal,SCHOOL COMMITTEE WARD 4,school_committee_ward_4,13,ABEER A. ANNAB,,2,4-1,4,63
malden_municipal_election_2025_11_04,2025-11-04,municipal,SCHOOL COMMITTEE WARD 4,school_committee_ward_4,13,ABEER A. ANNAB,,2,4-2,4,60
malden_municipal_election_2025_11_04,2025-11-04,municipal,SCHOOL COMMITTEE WARD 4,school_committee_ward_4,13,ABEER A. ANNAB,,2,4-3,4,77
malden_municipal_election_2025_11_04,2025-11-04,municipal,SCHOOL COMMITTEE WARD 5,school_committee_ward_5,14,ELIZABETH J. HORTIE,,1,5-1,5,154
malden_municipal_election_2025_11_04,2025-11-04,municipal,SCHOOL COMMITTEE WARD 5,school_committee_ward_5,14,ELIZABETH J. HORTIE,,1,5-2,5,347
malden_municipal_election_2025_11_04,2025-11-04,municipal,SCHOOL COMMITTEE WARD 5,school_committee_ward_5,14,ELIZABETH J. HORTIE,,1,5-3,5,82
malden_municipal_election_2025_11_04,2025-11-04,municipal,SCHOOL COMMITTEE WARD 5,school_committee_ward_5,14,ELIZABETH J. HORTIE,,1,5-3A,5,113
malden_municipal_election_2025_11_04,2025-11-04,municipal,SCHOOL COMMITTEE WARD 6,school_committee_ward_6,15,PETER T. PIAZZA,,1,6-1,6,360
malden_municipal_election_2025_11_04,2025-11-04,municipal,SCHOOL COMMITTEE WARD 6,school_committee_ward_6,15,PETER T. PIAZZA,,1,6-2,6,151
malden_municipal_election_2025_11_04,2025-11-04,municipal,SCHOOL COMMITTEE WARD 6,school_committee_ward_6,15,PETER T. PIAZZA,,1,6-3,6,178
malden_municipal_election_2025_11_04,2025-11-04,municipal,SCHOOL COMMITTEE WARD 7,school_committee_ward_7,16,KEITH ERIC BERNARD,,1,7-1,7,76
malden_municipal_election_2025_11_04,2025-11-04,municipal,SCHOOL COMMITTEE WARD 7,school_committee_ward_7,16,KEITH ERIC BERNARD,,1,7-2,7,121
malden_municipal_election_2025_11_04,2025-11-04,municipal,SCHOOL COMMITTEE WARD 7,school_committee_ward_7,16,KEITH ERIC BERNARD,,1,7-3,7,82
malden_municipal_election_2025_11_04,2025-11-04,municipal,SCHOOL COMMITTEE WARD 7,school_committee_ward_7,16,KEITH ERIC BERNARD,,1,7-3A,7,70
malden_municipal_election_2025_11_04,2025-11-04,municipal,SCHOOL COMMITTEE WARD 7,school_committee_ward_7,16,NICHOLE DAWN MOSSALAM,,2,7-1,7,58
malden_municipal_election_2025_11_04,2025-11-04,municipal,SCHOOL COMMITTEE WARD 7,school_committee_ward_7,16,NICHOLE DAWN MOSSALAM,,2,7-2,7,71
malden_municipal_election_2025_11_04,2025-11-04,municipal,SCHOOL COMMITTEE WARD 7,school_committee_ward_7,16,NICHOLE DAWN MOSSALAM,,2,7-3,7,52
malden_municipal_election_2025_11_04,2025-11-04,municipal,SCHOOL COMMITTEE WARD 7,school_committee_ward_7,16,NICHOLE DAWN MOSSALAM,,2,7-3A,7,34
malden_municipal_election_2025_11_04,2025-11-04,municipal,SCHOOL COMMITTEE WARD 8,school_committee_ward_8,17,SHARYN ROSE-ZEIBERG,,1,8-1,8,181
malden_municipal_election_2025_11_04,2025-11-04,municipal,SCHOOL COMMITTEE WARD 8,school_committee_ward_8,17,SHARYN ROSE-ZEIBERG,,1,8-2,8,93
malden_municipal_election_2025_11_04,2025-11-04,municipal,SCHOOL COMMITTEE WARD 8,school_committee_ward_8,17,SHARYN ROSE-ZEIBERG,,1,8-3,8,88
